{
    "roc_auc": 0.9853658536585366,
    "best_tau": 0.9765119111369749,
    "best_f1": 0.8888883950620028,
    "confusion_matrix": [
        [
            39,
            2
        ],
        [
            2,
            8
        ]
    ]
}