{
    "roc_auc": 0.8421052631578947,
    "best_tau": 0.980792081690081,
    "best_f1": 0.6666662222225186,
    "confusion_matrix": [
        [
            19,
            0
        ],
        [
            1,
            1
        ]
    ]
}