{
  "n_samples": 251,
  "n_train": 200,
  "n_val": 51,
  "accuracy": 0.9215686274509803,
  "roc_auc": 0.9853658536585366,
  "confusion_matrix": {
    "tn": 39,
    "fp": 2,
    "fn": 2,
    "tp": 8
  },
  "classification_report": {
    "0": {
      "precision": 0.9512195121951219,
      "recall": 0.9512195121951219,
      "f1-score": 0.9512195121951219,
      "support": 41.0
    },
    "1": {
      "precision": 0.8,
      "recall": 0.8,
      "f1-score": 0.8,
      "support": 10.0
    },
    "accuracy": 0.9215686274509803,
    "macro avg": {
      "precision": 0.875609756097561,
      "recall": 0.875609756097561,
      "f1-score": 0.875609756097561,
      "support": 51.0
    },
    "weighted avg": {
      "precision": 0.9215686274509803,
      "recall": 0.9215686274509803,
      "f1-score": 0.9215686274509803,
      "support": 51.0
    }
  }
}